product,category,price,quantity
l-carnitine,nutrition,23515,24
l-carnitine,vitamins,6849,16
melatonin,vitamins,13219,8
omega-3,vitamins,18148,19
omega-3,accessories,17338,18
omega-3,accessories,8538,9
glutamine,accessories,9293,8
l-carnitine,nutrition,23977,39
melatonin,nutrition,21821,27
l-carnitine,nutrition,14757,15
creatine,nutrition,22751,24
vitamins,nutrition,9266,2
vitamins,vitamins,20598,13
protein,nutrition,23753,3
glutamine,accessories,13381,25
l-carnitine,vitamins,5405,5
pre-workout,nutrition,22112,35
pre-workout,accessories,22477,36
pre-workout,vitamins,20204,21
vitamins,vitamins,6179,3
creatine,nutrition,22931,22
creatine,vitamins,3412,18
creatine,nutrition,14090,21
omega-3,accessories,6427,23
protein,accessories,12538,27
l-carnitine,nutrition,5508,2
shaker,accessories,10364,27
protein,nutrition,18203,38
shaker,vitamins,15436,20
l-carnitine,accessories,17532,21
protein,accessories,7650,12
shaker,nutrition,23774,22
melatonin,vitamins,17919,5
l-carnitine,vitamins,6223,39
creatine,accessories,9224,3
shaker,nutrition,13763,39
glutamine,accessories,22718,8
melatonin,nutrition,6154,39
l-carnitine,nutrition,10292,40
shaker,vitamins,24089,12
protein,vitamins,10479,15
pre-workout,vitamins,5402,30
l-carnitine,vitamins,5761,25
creatine,nutrition,5280,10
melatonin,accessories,14200,1
l-carnitine,accessories,10174,36
creatine,nutrition,17606,29
vitamins,vitamins,19592,33
omega-3,nutrition,22059,20
pre-workout,accessories,20681,14
